"host","result","ssl","port",".http-get.uri",".http-post.uri",".user-agent",".watermark","bits"
"https://509563c.tk:443","Found","True","443","13.76.216.122,/cx,509563c.tk,/ca","/submit.php","Mozilla/5.0 (compatible; MSIE 9.0; Windows NT 6.1; WOW64; Trident/5.0; MASB)","305419896","32"
"https://ad2003to.xyz:443","Found","True","443","194.29.101.55,/dot.gif,ad2003to.xyz,/pixel.gif","/submit.php","Mozilla/5.0 (compatible; MSIE 10.0; Windows NT 6.2; WOW64; Trident/6.0; BOIE9;ENUS)","0","32"
"https://akamaclouds.app:443","Found","True","443","akamaclouds.app,/g/rfer=nmn_fr_gees_1/42-332638-0264389/field-keywords=toys,66.181.34.13,/g/rfer=nmn_fr_gees_1/42-332638-0264389/field-keywords=toys","/L2741/hojk/amzon.SX.90.sok","Mozilla/5.0 (Windows NT 5.1; rv:7.0.1) Gecko/20100101 Firefox/7.0.1","1580103814","32"
"https://annyally.com:443","Found","True","443","annyally.com,/bm","/boxes","Mozilla/5.0 (Windows NT 10.0; Win64; x64) AppleWebKit/537.36 (KHTML, like Gecko) Chrome/42.0.2311.135 Safari/537.36 Edge/12.246","1359593325","32"
"https://anvg.sytes.net:443","Found","True","443","anvg.sytes.net,/updates.rss","/submit.php","Mozilla/5.0 (compatible; MSIE 9.0; Windows NT 6.0; WOW64; Trident/5.0)","0","32"
"https://api.jslite.cf:443","Found","True","443","api.jslite.cf,/en_US/all.js","/submit.php","Mozilla/4.0 (compatible; MSIE 8.0; Windows NT 5.2; Trident/4.0; .NET CLR 2.0.50727)","305419896","32"
"https://api.mysmilediscountdental.com:443","Found","True","443","54.202.73.244,/complete/search,api.mysmilediscountdental.com,/complete/search","/Complete_Search","Mozilla/5.0 (compatible, MSIE 11, Windows NT 6.3; Trident/7.0; rv:11.0) like Gecko","1949153956","32"
"https://app.pharmaembeded.com:443","Found","True","443","app.pharmaembeded.com,/dhl","/eo","Mozilla/5.0 (Windows NT 10.0; Win64; x64) AppleWebKit/537.36 (KHTML, like Gecko) Chrome/42.0.2311.135 Safari/537.36 Edge/12.246","305419776","32"
"https://asismdnu.asisdns.space:443","Found","True","443","asismdnu.asisdns.space,/s/ref=nb_sb_noss_1/167-3294888-0262949/field-keywords=books","/N4215/adj/amzn.us.sr.aps","Mozilla/5.0 (Windows NT 6.1; WOW64; Trident/7.0; rv:11.0) like Gecko","0","32"
"https://astara20.com:443","Found","True","443","astara20.com,/jquery-3.3.1.min.js","/jquery-3.3.2.min.js","Mozilla/5.0 (Windows NT 6.3; Trident/7.0; rv:11.0) like Gecko","0","32"
"https://cachemaster.azureedge.net:443","Found","True","443","cachemaster.azureedge.net,/personal/_nbnco_com_au/_layouts/15/download.aspx","/Collector/3.0/","Microsoft SkyDriveSync 20.169.0823.0006 ship; Windows NT 10.0 (18363) ","720106880","32"
"https://cc12234.cityu.dev:443","Found","True","443","banweb.cityu.dev,/core/wp-includes/pol.php,cc12234.cityu.dev,/core/wp-includes/pol.php,lb23311.cityu.dev,/core/wp-includes/pol.php","/modules/mod_search.php","Mozilla/6.0 (Windows; U; MSIE 7.0; Windows NT 6.0) Java/1.5.0_08","1873433027","32"
"https://cdn.lbwd.net:443","Found","True","443","pepesec.azureedge.net,/s/ref=nb_sb_noss_1/647-50007454-8514032/field-keywords=person","/N9498/adj/amzn.us.sr.aps","Mozilla/5.0 (Windows NT 6.3; WOW64; rv:31.0) Gecko/20100101 Firefox/31.0","94292307","32"
"https://cdn.sogou-update.com:443","Found","True","443","cdn.sogou-update.com,/template.css","/na","Mozilla/5.0 (Windows NT 10.0; Win64; x64) AppleWebKit/537.36 (KHTML, like Gecko) Chrome/42.0.2311.135 Safari/537.36 Edge/12.246","305419896","32"
"https://cdn.usbankcreditcards.com:443","Found","True","443","cdn.usbankcreditcards.com,/oscp/","/oscp/a/","Microsoft-CryptoAPI/6.1","1808379625","32"
"https://cdn.wewingww.com:443","Found","True","443","cdn.wewingww.com,/c/msdownload/update/others/2020/12/29136388_","/c/msdownload/update/others/2020/12/3215234_","Windows-Update-Agent/10.0.10012.16384 Client-Protocol/1.40","8848","32"
"https://cdnbackup.com:443","Found","True","443","cdnbackup.com,/__utm.gif","/submit.php","Mozilla/5.0 (compatible; MSIE 9.0; Windows NT 6.1; WOW64; Trident/5.0; MANM; MANM)","1580103814","32"
"https://cdnetworks.viewdns.net:443","Found","True","443","cdnetworks.viewdns.net,/owa/","/OWA/","Mozilla/5.0 (Windows NT 6.1) AppleWebKit/537.36 (KHTML, like Gecko)","0","32"
"https://cdnsyndication.digital:443","Found","True","443","cdnsyndication.digital,/g/rfer=nmn_fr_gees_1/42-332638-0264389/field-keywords=toys,198.252.99.93,/g/rfer=nmn_fr_gees_1/42-332638-0264389/field-keywords=toys","/L2741/hojk/amzon.SX.90.sok","Mozilla/5.0 (Windows NT 6.1) AppleWebKit/537.36 (KHTML, like Gecko) Chrome/49.0.2628.57 Safari/537.36","1580103814","32"
"https://chmowd.xyz:443","Found","True","443","chmowd.xyz,/MicrosoftUpdate/ShellEx/KB242742/default.aspx","/MicrosoftUpdate/GetUpdate/KB","Mozilla/5.0 (compatible; MSIE 9.0; Windows NT 6.1; Trident/5.0; ; NCLIENT50_AAPCDA5841E333)","305419896","32"
"https://cleponditailthingerprofing.xyz:443","Found","True","443","cleponditailthingerprofing.xyz,/av.css","/as","Mozilla/5.0 (Windows NT 10.0; Win64; x64) AppleWebKit/537.36 (KHTML, like Gecko) Chrome/42.0.2311.135 Safari/537.36 Edge/12.246","0","32"
"https://cloudstomes.com:443","Found","True","443","cloudstomes.com,/s/ref=nb_sb_noss_1/167-3246918-0264889/field-keywords=books,104.200.67.136,/s/ref=nb_sb_noss_1/167-3246918-0264889/field-keywords=books","/N6515/adoj/amzn.us.sr.aps","Mozilla/5.0 (Windows NT 10.0; WOW64) AppleWebKit/537.36 (KHTML, like Gecko) Chrome/88.0.4324.152 Safari/537.36","1580103814","32"
"https://cs.yourintrinsichealth.com:443","Found","True","443","cs.yourintrinsichealth.com,/match","/submit.php","Mozilla/5.0 (compatible; MSIE 10.0; Windows NT 6.2; WOW64; Trident/6.0; MAARJS)","726371378","32"
"https://cymkpuadkduz.xyz:443","Found","True","443","cymkpuadkduz.xyz,/latest/pip-check","/latest/check","Mozilla/5.0 (Windows NT 6.1; Win64; x64) AppleWebKit/537.36 (KHTML, like Gecko) Chrome/88.0.4324.190 Safari/537.36","0","32"
"https://d2y0zf746pooa8.cloudfront.net:443","Found","True","443","d2y0zf746pooa8.cloudfront.net,/access/","/radio/xmlrpc/v35","Mozilla/5.0 (Windows NT 6.1; WOW64; Trident/7.0; rv:11.0) like Gecko","860173436","32"
"https://d3hijg1kwrx2pv.cloudfront.net:443","Found","True","443","d3hijg1kwrx2pv.cloudfront.net,/access/,d2e5hcq6fqb8ih.cloudfront.net,/access/","/radio/xmlrpc/v35","Mozilla/5.0 (Windows NT 6.1; Win64; x64; rv:5.0) Gecko/20100101 Firefox/5.0","1315647110","32"
"https://dain22.net:443","Found","True","443","dain22.net,/userid=","/update.php","Mozilla/5.0 (Windows NT 10.0; Win64; x64; rv:84.0) Gecko/20100101 Firefox/84.0","1580103814","32"
"https://data-protection-testing.com:443","Found","True","443","data-protection-testing.com,/safebrowse/dr/IrzUh12tRC1OhNknisAzj2nAjsLfKHGE7-0QOUqAJI7n2","/safebrowse/dr/SYDdk27dBE8xrXtvwcKjs2yxtcVoUQsO4","Mozilla/5.0 (Windows NT 6.1; WOW64; Trident/7.0; rv:11.0) like Gecko","1784301259","32"
"https://dbhigh.com:443","Found","True","443","idxup.com,/us/ky/louisville/312-s-fourth-st.html,dbhigh.com,/us/ky/louisville/312-s-fourth-st.html","/OrderEntryService.asmx/AddOrderLine","Mozilla/5.0 (Windows NT 6.1) AppleWebKit/537.36 (KHTML, like Gecko)","1580103814","32"
"https://doc.apperlon.com:443","Found","True","443","doc.apperlon.com,/ku","/media","Mozilla/5.0 (Macintosh; Intel Mac OS X 10_11_2) AppleWebKit/601.3.9 (KHTML, like Gecko) Version/9.0.2 Safari/601.3.9","305419776","32"
"https://docns.com:443","Found","True","443","docns.com,/us/ky/louisville/312-s-fourth-st.html","/OrderEntryService.asmx/AddOrderLine","Mozilla/5.0 (Windows NT 6.1) AppleWebKit/537.36 (KHTML, like Gecko)","1580103814","32"
"https://dsnetslekito.xyz:443","Found","True","443","dsnetslekito.xyz,/__utm.gif","/___utm.gif","Mozilla/5.0 (compatible; MSIE 9.0; Windows NT 6.1; Trident/5.0; BOIE9;ENUS)","1359593325","32"
"https://dwnloadapps.com:443","Found","True","443","dwnloadapps.com,/s/ref=nb_sb_noss_1/167-3246918-0264889/field-keywords=books,23.152.0.195,/s/ref=nb_sb_noss_1/167-3246918-0264889/field-keywords=books","/N6515/adoj/amzn.us.sr.aps","Mozilla/5.0 (Windows NT 10.0; WOW64) AppleWebKit/537.36 (KHTML, like Gecko) Chrome/72.0.3626.121 Safari/537.36","1580103814","32"
"https://ec2-54-199-221-51.ap-northeast-1.compute.amazonaws.com:443","Found","True","443","ec2-54-199-221-51.ap-northeast-1.compute.amazonaws.com,/push","/submit.php","Mozilla/5.0 (compatible; MSIE 9.0; Windows NT 6.1; WOW64; Trident/5.0; BOIE9;ENGB)","0","32"
"https://engineering.inspired-healthcare.com:443","Found","True","443","engineering.inspired-healthcare.com,/tab_shop_active.html","/xmlconnect","Mozilla/5.0 (Linux; Android 7.0; Pixel C Build/NRD90M; wv) AppleWebKit/537.36 (KHTML, like Gecko) Version/4.0","1148001678","32"
"https://exlorerwork.com:443","Found","True","443","exlorerwork.com,/ca","/submit.php","Mozilla/4.0 (compatible; MSIE 8.0; Windows NT 6.0; Trident/4.0)","1580103814","32"
"https://expoless.com:443","Found","True","443","expoless.com,/us/ky/louisville/312-s-fourth-st.html","/OrderEntryService.asmx/AddOrderLine","Mozilla/5.0 (Windows NT 6.1) AppleWebKit/537.36 (KHTML, like Gecko)","1580103814","32"
"https://fashion1boutique.com:443","Found","True","443","fashion1boutique.com,/template.css","/bn","Mozilla/5.0 (compatible; MSIE 10.0; Windows NT 10.0; WOW64.1 ; Trident/7.0; Sleipnir6/6.4.4; SleipnirSiteUpdates/6.4.4)","1359593325","32"
"https://fedex-global.com:443","Found","True","443","fedex-global.com,/MicrosoftUpdate/ShellEx/KB242742/default.aspx","/MicrosoftUpdate/GetUpdate/KB","Mozilla/4.0 (compatible; MSIE 8.0; Windows NT 6.0; Trident/4.0)","401466503","32"
"https://fee.mozilla-firfox.com:443","Found","True","443","fee.mozilla-firfox.com,/fam_newspaper","/RELEASES","Mozilla/5.0 (Windows NT 10.0; Win64; x64) AppleWebKit/537.36 (KHTML, like Gecko) Chrome/42.0.2311.135 Safari/537.36 Edge/12.246","305419896","32"
"https://financialreassurance.com:443","Found","True","443","financialreassurance.com,/sitemap.html","/cs","Mozilla/5.0 (Windows NT 6.1; WOW64) AppleWebKit/537.36 (KHTML, like Gecko) Chrome/47.0.2526.111 Safari/537.36","514520970","32"
"https://findcola.com:443","Found","True","443","findcola.com,/us/ky/louisville/312-s-fourth-st.html,64.187.239.74,/us/ky/louisville/312-s-fourth-st.html,gemsurf.com,/us/ky/louisville/312-s-fourth-st.html","/OrderEntryService.asmx/AddOrderLine","Mozilla/5.0 (Windows NT 6.1) AppleWebKit/537.36 (KHTML, like Gecko)","0","32"
"https://finishhimm.com:443","Found","True","443","finishhimm.com,/aa.html","/logo","Mozilla/5.0 (Windows NT 10.0; Win64; x64) AppleWebKit/537.36 (KHTML, like Gecko) Chrome/42.0.2311.135 Safari/537.36 Edge/12.246","1580103814","32"
"https://food.rainbowmango.info:443","Found","True","443","subs.rainbowmango.info ,/share/pink,food.rainbowmango.info,/share","/about","Mozilla/5.0 (Windows NT 10.0; Win32; x32; rv:74.0) Gecko/2010010101 Firefox/74.0","1359593325","32"
"https://forti.rainbowmango.net:443","Found","True","443","forti.rainbowmango.net,/cart,rdp.rainbowmango.net,/share/today","/dl-center","Mozilla/5.0 (compatible; MSIE 9.0; Windows NT 6.1; Win64; x64; Trident/5.0; NP06)","1359593325","32"
"https://fut1.net:443","Found","True","443","fut1.net,/userid=","/update.php","Mozilla/5.0 (Windows NT 10.0; Win64; x64; rv:84.0) Gecko/20100101 Firefox/84.0","1580103814","32"
"https://gemsurf.com:443","Found","True","443","findcola.com,/us/ky/louisville/312-s-fourth-st.html,64.187.239.74,/us/ky/louisville/312-s-fourth-st.html,gemsurf.com,/us/ky/louisville/312-s-fourth-st.html","/OrderEntryService.asmx/AddOrderLine","Mozilla/5.0 (Windows NT 6.1) AppleWebKit/537.36 (KHTML, like Gecko)","0","32"
"https://glutenfreeandbeyond.org:443","Found","True","443","glutenfreeandbeyond.org,/cdn-detect.png","/j/87363469","Mozilla/5.0 (Windows NT 10.0; Win64; x64) AppleWebKit/537.36 (KHTML, like Gecko) Chrome/83.0.4103.116 Safari/537.36","83027242","32"
"https://hayitad.com:443","Found","True","443","hayitad.com,/bg","/mt","Mozilla/5.0 (Macintosh; Intel Mac OS X 10_11_2) AppleWebKit/601.3.9 (KHTML, like Gecko) Version/9.0.2 Safari/601.3.9","1580103814","32"
"https://hoguyum.com:443","Found","True","443","hoguyum.com,/rw","/d_config","Mozilla/5.0 (Windows NT 10.0; Win64; x64) AppleWebKit/537.36 (KHTML, like Gecko) Chrome/42.0.2311.135 Safari/537.36 Edge/12.246","1580103814","32"
"https://idxup.com:443","Found","True","443","idxup.com,/us/ky/louisville/312-s-fourth-st.html,dbhigh.com,/us/ky/louisville/312-s-fourth-st.html","/OrderEntryService.asmx/AddOrderLine","Mozilla/5.0 (Windows NT 6.1) AppleWebKit/537.36 (KHTML, like Gecko)","1580103814","32"
"https://ifirefox.com:443","Found","True","443","ifirefox.com,/js/static/jquery.min.js,www.ifirefox.com,/js/static/jquery.min.js","/js/jquery/jquery.min.js","Mozilla/4.0 (compatible; MSIE 7.0; Windows NT 10.0; WOW64; Trident/7.0; .NET4.0C; .NET4.0E; Zoom 3.6.0)","0","32"
"https://img.privateprotect.cloud:443","Found","True","443","10.199.2.51,/cm,136.244.117.181,/fwlink,img.privateprotect.cloud,/g.pixel,10.248.4.249,/activity","/submit.php","Mozilla/5.0 (compatible; MSIE 9.0; Windows NT 6.1; Trident/5.0; LEN2)","305419896","32"
"https://ipomisiriki.cf:443","Found","True","443","ipomisiriki.cf,/updates.rss","/submit.php","Mozilla/5.0 (compatible; MSIE 10.0; Windows NT 6.2; Trident/6.0; Touch)","0","32"
"https://jquery234.com:443","Found","True","443","jquery234.com,/c/msdownload/update/others/2016/12/29136388_","/c/msdownload/update/others/2016/12/3215234_","Windows-Update-Agent/10.0.10011.16384 Client-Protocol/1.40","1580103814","32"
"https://js.news1010.net:443","Found","True","443","js.news1010.net,/s/ref=nb_sb_noss_1/167-3294888-0262949/field-keywords=books","/N4215/adj/amzn.us.sr.aps","Mozilla/5.0 (Windows NT 6.1; WOW64; Trident/7.0; rv:11.0) like Gecko","0","32"
"https://jubiterstar.me:443","Found","True","443","jubiterstar.me,/s/ref=nb_sb_noss_1/18-0262949/field-keywords=electronics","/N5190/adjs/amzn.us.sr.aps","Mozilla/5.0 (Windows NT 6.1; WOW64; Trident/7.0; rv:11.0) like Gecko","305419896","32"
"https://jude.saintjameschurch.org:443","Found","True","443","jude.saintjameschurch.org,/Video","/search","Mozilla/5.0 (compatible, MSIE 11, Windows NT 6.3; Trident/7.0;  rv:11.0) like Gecko","1293900656","32"
"https://keit1on.net:443","Found","True","443","keit1on.net,/userid=","/update.php","Mozilla/5.0 (Windows NT 10.0; Win64; x64; rv:84.0) Gecko/20100101 Firefox/84.0","1580103814","32"
"https://krestitze.com:443","Found","True","443","krestitze.com,/groupcp","/common","Mozilla/5.0 (Windows NT 10.0; Win64; x64; WOW64.1 ) AppleWebKit/537.36 (KHTML, like Gecko) Chrome/88.0.4324.43 Safari/537.36","1359593325","32"
"https://lasteamonday.com:443","Found","True","443","lasteamonday.com,/s/ref=nb_sb_noss_1/167-3246918-0264889/field-keywords=books,193.34.167.17,/s/ref=nb_sb_noss_1/167-3246918-0264889/field-keywords=books","/N6515/adoj/amzn.us.sr.aps","Mozilla/5.0 (Windows NT 10.0; WOW64) AppleWebKit/537.36 (KHTML, like Gecko) Chrome/88.0.4324.152 Safari/537.36","1580103814","32"
"https://lb23311.cityu.dev:443","Found","True","443","banweb.cityu.dev,/core/wp-includes/pol.php,cc12234.cityu.dev,/core/wp-includes/pol.php,lb23311.cityu.dev,/core/wp-includes/pol.php","/modules/mod_search.php","Mozilla/6.0 (Windows; U; MSIE 7.0; Windows NT 6.0) Java/1.5.0_08","1873433027","32"
"https://login.microsotfonline.org:443","Found","True","443","login.microsotfonline.org,/s/ref=nb_sb_noss_1/167-3294888-0262949/field-keywords=books","/N4215/adj/amzn.us.sr.aps","Mozilla/5.0 (Windows NT 6.1; WOW64; Trident/7.0; rv:11.0) like Gecko","0","32"
"https://londonenglishh.com:443","Found","True","443","londonenglishh.com,/be","/fr","Mozilla/5.0 (Macintosh; Intel Mac OS X 10_11_2) AppleWebKit/601.3.9 (KHTML, like Gecko) Version/9.0.2 Safari/601.3.9","1359593325","32"
"https://lsass.cloud:443","Found","True","443","lsass.cloud,/api/beta/Users('","/api/beta/me/photo/$value","Mozilla/5.0 (compatible; MSIE 9.0; Windows NT 6.1; Trident/5.0; Xbox)","0","32"
"https://luckysbusiness.com:443","Found","True","443","luckysbusiness.com,/s/ref=nb_sb_noss_1/167-3246918-0264889/field-keywords=books,192.52.167.199,/s/ref=nb_sb_noss_1/167-3246918-0264889/field-keywords=books","/N6515/adoj/amzn.us.sr.aps","Mozilla/5.0 (Windows NT 10.0; WOW64) AppleWebKit/537.36 (KHTML, like Gecko) Chrome/72.0.3626.121 Safari/537.36","1580103814","32"
"https://luoli233.top:443","Found","True","443","luoli233.top,/pixel","/submit.php","Mozilla/4.0 (compatible; MSIE 8.0; Windows NT 6.0; Trident/4.0)","0","32"
"https://mail.igov-service.net:443","Found","True","443","mail.igov-service.net,/blog/wp-content/themes/bootstrap-basic/css/qf45235f.css","/api/offers","Mozilla/5.0 (Windows NT 6.1;) AppleWebKit/537.36 (KHTML, like Gecko) Chrome/85.0.4183.102 Safari/537.36","305419896","32"
"https://massflip.com:443","Found","True","443","massflip.com,/us/ky/louisville/312-s-fourth-st.html,mixalt.com,/us/ky/louisville/312-s-fourth-st.html","/OrderEntryService.asmx/AddOrderLine","Mozilla/5.0 (Windows NT 6.1) AppleWebKit/537.36 (KHTML, like Gecko)","1580103814","32"
"https://medical-journey.com:443","Found","True","443","medical-journey.com,/_gallery-01.gif","/__gallery-01.gif","Mozilla/5.0 (Windows NT 6.1; WOW64; Trident/7.0; yie11; rv:11.0) like Gecko","1970816584","32"
"https://micrsoft.kozow.com:443","Found","True","443","micrsoft.kozow.com,/g.pixel","/submit.php","Mozilla/5.0 (compatible; MSIE 9.0; Windows NT 6.1; WOW64; Trident/5.0; MANM; MANM)","1359593325","32"
"https://mixalt.com:443","Found","True","443","massflip.com,/us/ky/louisville/312-s-fourth-st.html,mixalt.com,/us/ky/louisville/312-s-fourth-st.html","/OrderEntryService.asmx/AddOrderLine","Mozilla/5.0 (Windows NT 6.1) AppleWebKit/537.36 (KHTML, like Gecko)","1580103814","32"
"https://mortaladmin.com:443","Found","True","443","mortaladmin.com,/dpixel","/submit.php","Mozilla/4.0 (compatible; MSIE 7.0; Windows NT 5.1; InfoPath.2; InfoPath.3)","1580103814","32"
"https://myteamserver.azureedge.net:443","Found","True","443","workhub.microsoft.com,/pab2a2q2ba2/22292123262328282_","/c2/m2s2cache/packages/28986731_","Windows-Update-Agent/10.0.10011.16384 Client-Protocol/1.40","1556462172","32"
"https://nokuje.com:443","Found","True","443","nokuje.com,/tab_home","/mobile-android","Mozilla/5.0 (Linux; Android 6.0; HTC One X10 Build/MRA58K; wv) AppleWebKit/537.36 (KHTML, like Gecko) Version/4.0","1580103814","32"
"https://nuzeto.com:443","Found","True","443","nuzeto.com,/ml.css","/d_config","Mozilla/5.0 (Linux; Android 7.0; Pixel C Build/NRD90M; wv) AppleWebKit/537.36 (KHTML, like Gecko) Version/4.0","1580103814","32"
"https://oaelf.com:443","Found","True","443","oaelf.com,/us/ky/louisville/312-s-fourth-st.html,sslfeed.com,/us/ky/louisville/312-s-fourth-st.html","/OrderEntryService.asmx/AddOrderLine","Mozilla/5.0 (Windows NT 6.1) AppleWebKit/537.36 (KHTML, like Gecko)","1580103814","32"
"https://ocserv.faeinfo.me:443","Found","True","443","ocserv.faeinfo.me,/cx,5.180.76.245,/fwlink","/Google_session.php","Mozilla/5.0 (compatible; MSIE 9.0; Windows NT 6.1; WOW64; Trident/5.0)","1359593325","32"
"https://office.symanteccdn.com:443","Found","True","443","office.symanteccdn.com,/_/scs/mail-static/_/js/","/mail/u/0/","Mozilla/5.0 (compatible; MSIE 9.0; Windows NT 6.1; Trident/5.0; BOIE9;PTBR)","305419896","32"
"https://offsec.gifts:443","Found","True","443","offsec.gifts,/s/ref=nb_sb_noss_1/167-3294888-0262949/field-keywords=books","/N4215/adj/amzn.us.sr.aps","Mozilla/5.0 (Windows NT 6.1; WOW64; Trident/7.0; rv:11.0) like Gecko","1051382149","32"
"https://onlinechangetransfer.com:443","Found","True","443","onlinechangetransfer.com,/s/ref=nb_sb_noss_1/167-3246918-0264889/field-keywords=books,45.11.19.218,/s/ref=nb_sb_noss_1/167-3246918-0264889/field-keywords=books","/N6515/adoj/amzn.us.sr.aps","Mozilla/5.0 (Windows NT 10.0; WOW64) AppleWebKit/537.36 (KHTML, like Gecko) Chrome/89.0.4389.82 Safari/537.36","1580103814","32"
"https://onrepo.com:443","Found","True","443","onrepo.com,/us/ky/louisville/312-s-fourth-st.html","/OrderEntryService.asmx/AddOrderLine","Mozilla/5.0 (Windows NT 6.1) AppleWebKit/537.36 (KHTML, like Gecko)","1580103814","32"
"https://onrick.com:443","Found","True","443","onrick.com,/bg","/sm","Mozilla/5.0 (Linux; Android 8.0.0; SM-G960F Build/R16NW) AppleWebKit/537.36 (KHTML, like Gecko) Chrome/62.0.3202","1359593325","32"
"https://p5193nsg.corecloud.asia:443","Found","True","443","test.corecloud.asia,/admin,p5193nsg.corecloud.asia,/admin,thjf3943.corecloud.asia,/login","/Uri2","Mozilla/5.0 (Windows NT 6.1) AppleWebKit/587.38 (KHTML, like Gecko) Chrome/41.0.2228.0 Safari/537.36","1359593325","32"
"https://panelprotection.org:443","Found","True","443","panelprotection.org,/s/ref=nb_sb_noss_1/167-3246918-0264889/field-keywords=books,23.227.203.105,/s/ref=nb_sb_noss_1/167-3246918-0264889/field-keywords=books","/N6515/adoj/amzn.us.sr.aps","Mozilla/5.0 (Windows NT 10.0; WOW64) AppleWebKit/537.36 (KHTML, like Gecko) Chrome/72.0.3626.121 Safari/537.36","1580103814","32"
"https://payment.ozonsale.org:443","Found","True","443","payment.ozonsale.org,/ab.js","/cs","Mozilla/5.0 (Linux; Android 7.0; Pixel C Build/NRD90M; wv) AppleWebKit/537.36 (KHTML, like Gecko) Version/4.0","305419776","32"
"https://pc.pchomecache.com:443","Found","True","443","pc.pchomecache.com,/wp06/wp-includes/po.php","/modules/mod_search.php","Mozilla/5.0 (Windows NT 6.1; WOW64; Trident/7.0; rv:11.0) like Gecko","305419896","32"
"https://pepesec2.azureedge.net:443","Found","True","443","pepesec2.azureedge.net,/s/ref=nb_sb_noss_1/089-89185991-7448134/field-keywords=eye","/N0318/adj/amzn.us.sr.aps","Mozilla/5.0 (Windows NT 10.0; WOW64)","1276623328","32"
"https://pokemdi.com:443","Found","True","443","pokemdi.com,/boxes","/cr","Mozilla/5.0 (Windows NT 6.1; WOW64) AppleWebKit/537.36 (KHTML, like Gecko) Chrome/47.0.2526.111 Safari/537.36","0","32"
"https://portal.google-accounts.be:443","Found","True","443","portal.google-accounts.be,/access/","/radio/xmlrpc/v35","Mozilla/5.0 (Windows NT 10.0; Win64; x64) AppleWebKit/537.36 (KHTML, like Gecko) Chrome/85.0.4183.48 Safari/537.36","602094943","32"
"https://portal.phizerbiontech.com:443","Found","True","443","portal.phizerbiontech.com,/r_config.html","/styles","Mozilla/5.0 (Windows NT 6.1; WOW64) AppleWebKit/537.36 (KHTML, like Gecko) Chrome/47.0.2526.111 Safari/537.36","305419776","32"
"https://raws1.net:443","Found","True","443","raws1.net,/userid=","/update.php","Mozilla/5.0 (Windows NT 10.0; Win64; x64; rv:84.0) Gecko/20100101 Firefox/84.0","1580103814","32"
"https://rdp.rainbowmango.net:443","Found","True","443","forti.rainbowmango.net,/cart,rdp.rainbowmango.net,/share/today","/dl-center","Mozilla/5.0 (compatible; MSIE 9.0; Windows NT 6.1; Win64; x64; Trident/5.0; NP06)","1359593325","32"
"https://regionsbankk.com:443","Found","True","443","regionsbankk.com,/search/","/Search/","Mozilla/5.0 (compatible, MSIE 11, Windows NT 6.3; Trident/7.0; rv:11.0) like Gecko","1701371983","32"
"https://repdot.com:443","Found","True","443","repdot.com,/us/ky/louisville/312-s-fourth-st.html","/OrderEntryService.asmx/AddOrderLine","Mozilla/5.0 (Windows NT 6.1) AppleWebKit/537.36 (KHTML, like Gecko)","1580103814","32"
"https://romeup.com:443","Found","True","443","romeup.com,/en_US/all.js","/submit.php","Mozilla/5.0 (compatible; MSIE 9.0; Windows NT 6.1; Trident/5.0; BOIE9;ENXA)","1580103814","32"
"https://scripts.beyondthecity.ca:443","Found","True","443","scripts.beyondthecity.ca,/updates.rss","/submit.php","Mozilla/5.0 (compatible; MSIE 9.0; Windows NT 6.1; Trident/5.0; MANM)","1548680553","32"
"https://scripts.chickensdone.com:443","Found","True","443","scripts.chickensdone.com,/dpixel","/submit.php","Mozilla/5.0 (compatible; MSIE 9.0; Windows NT 6.0; WOW64; Trident/5.0; msn OptimizedIE8;ENUS)","1266958969","32"
"https://scripts.diaplad.com:443","Found","True","443","scripts.diaplad.com,/visit.js","/submit.php","Mozilla/5.0 (compatible; MSIE 9.0; Windows NT 6.1; Trident/5.0; NP07; NP07)","1548680553","32"
"https://scripts.eskominvestments.com:443","Found","True","443","scripts.eskominvestments.com,/j.ad","/submit.php","Mozilla/5.0 (compatible; MSIE 9.0; Windows NT 6.0; Trident/5.0; BOIE9;ENUSMSNIP)","1548680553","32"
"https://scripts.general-aerospace.de:443","Found","True","443","scripts.general-aerospace.de,/load","/submit.php","Mozilla/4.0 (compatible; MSIE 9.0; Windows NT 6.1; Trident/5.0)","1548680553","32"
"https://searchenginesometimes.xyz:443","Found","True","443","searchenginesometimes.xyz,/FAQ.css","/search","Mozilla/5.0 (Windows NT 6.1; WOW64) AppleWebKit/537.36 (KHTML, like Gecko) Chrome/47.0.2526.111 Safari/537.36","305419896","32"
"https://securityinstant.org:443","Found","True","443","securityinstant.org,/s/ref=nb_sb_noss_1/167-3246918-0264889/field-keywords=books,66.70.246.6,/s/ref=nb_sb_noss_1/167-3246918-0264889/field-keywords=books","/N6515/adoj/amzn.us.sr.aps","Mozilla/5.0 (Windows NT 10.0; WOW64) AppleWebKit/537.36 (KHTML, like Gecko) Chrome/72.0.3626.121 Safari/537.36","1580103814","32"
"https://securitysolutionnow.com:443","Found","True","443","securitysolutionnow.com,/en_US/all.js","/submit.php","Mozilla/5.0 (compatible; MSIE 9.0; Windows NT 6.1; Trident/5.0; MANM)","305419896","32"
"https://service-dlijjgbw-1304664184.hk.apigw.tencentcs.com:443","Found","True","443","service-dlijjgbw-1304664184.hk.apigw.tencentcs.com,/api/getit","/api/postit","Mozilla/5.0 (compatible; MSIE 8.0; Windows NT 6.1; Trident/5.0)","0","32"
"https://service-pfzr9eww-1304703456.hk.apigw.tencentcs.com:443","Found","True","443","service-pfzr9eww-1304703456.hk.apigw.tencentcs.com,/api/getit","/api/postit","Mozilla/5.0 (compatible; MSIE 8.0; Windows NT 6.1; Trident/5.0)","1359593325","32"
"https://service.jkjkzzzjk.tk:443","Found","True","443","service.jkjkzzzjk.tk,/s/ref=nb_sb_noss_1/167-3294888-0262949/field-keywords=books","/N4215/adj/MS.us.sr.aps","Mozilla/5.0 (Windows NT 6.1; WOW64; Trident/7.0; rv:11.0) like Gecko","305419896","32"
"https://services.rogerscorp.cloud:443","Found","True","443","services.rogerscorp.cloud,/jquery-3.3.1.min.js","/jquery-3.3.2.min.js","Mozilla/5.0 (Windows NT 6.3; Trident/7.0; rv:11.0) like Gecko","1359593325","32"
"https://sharkfishinguk.com:443","Found","True","443","sharkfishinguk.com,/jquery-1.12.1.min.js","/jquery-1.12.2.min.js","Mozilla/5.0 (Windows NT 10.0; Win64; x64) AppleWebKit/537.36 (KHTML, like Gecko) Safari/537.36 Edg/80.0.361.62","1808212404","32"
"https://shop.ozonsale.org:443","Found","True","443","shop.ozonsale.org,/sitemap.css","/lt","Mozilla/5.0 (Macintosh; Intel Mac OS X 10_11_2) AppleWebKit/601.3.9 (KHTML, like Gecko) Version/9.0.2 Safari/601.3.9","305419776","32"
"https://shop.redlist.cyou:443","Found","True","443","shop.redlist.cyou,/s/ref=nb_sb_noss_1/167-3294888-0262949/field-keywords=books","/N4215/adj/amzn.us.sr.aps","Mozilla/5.0 (Windows NT 6.1; WOW64; Trident/7.0; rv:11.0) like Gecko","305419896","32"
"https://shop.sellamazonsales.com:443","Found","True","443","shop.sellamazonsales.com,/sitemap","/eso","Mozilla/5.0 (Windows NT 6.1; WOW64) AppleWebKit/537.36 (KHTML, like Gecko) Chrome/47.0.2526.111 Safari/537.36","305419776","32"
"https://shoper.buzz:443","Found","True","443","www.shoper.buzz,/jquery-3.3.1.min.js","/jquery-3.3.2.min.js","Mozilla/5.0 (Windows NT 6.3; Trident/7.0; rv:11.0) like Gecko","305419896","32"
"https://shopforenz.com:443","Found","True","443","shopforenz.com,/jquery-3.3.1.min.js","/jquery-3.3.2.min.js","Mozilla/5.0 (Windows NT 6.3; Trident/7.0; rv:11.0) like Gecko","1359593325","32"
"https://sitehealthcheck.org:443","Found","True","443","sitehealthcheck.org,/oscp/","/oscp/a/","Microsoft-CryptoAPI/6.1","859655151","32"
"https://sslfeed.com:443","Found","True","443","oaelf.com,/us/ky/louisville/312-s-fourth-st.html,sslfeed.com,/us/ky/louisville/312-s-fourth-st.html","/OrderEntryService.asmx/AddOrderLine","Mozilla/5.0 (Windows NT 6.1) AppleWebKit/537.36 (KHTML, like Gecko)","1580103814","32"
"https://ssrolt.global.ssl.fastly.net:443","Found","True","443","ssrolt.global.ssl.fastly.net,/ptj","/submit.php","Mozilla/5.0 (compatible; MSIE 9.0; Windows NT 6.1; WOW64; Trident/5.0; BOIE9;ENGB)","0","32"
"https://startup1global.com:443","Found","True","443","startup1global.com,/bm","/bg","Mozilla/5.0 (Linux; Android 6.0; HTC One X10 Build/MRA58K; wv) AppleWebKit/537.36 (KHTML, like Gecko) Version/4.0","1359593325","32"
"https://subs.rainbowmango.info:443","Found","True","443","subs.rainbowmango.info ,/share/pink,food.rainbowmango.info,/share","/about","Mozilla/5.0 (Windows NT 10.0; Win32; x32; rv:74.0) Gecko/2010010101 Firefox/74.0","1359593325","32"
"https://systest.nl:443","Found","True","443","rijkzijn.nl,/vlk/grants,uwprivatebank.nl,/vlk/grants,systest.nl,/vlk/grants","/vlk/xmlrpc/v2","Mozilla/5.0 (Windows NT 6.1; WOW64; Trident/7.0; rv:11.0) like Gecko","1807886020","32"
"https://tapavi.com:443","Found","True","443","tapavi.com,/us/ky/louisville/312-s-fourth-st.html","/OrderEntryService.asmx/AddOrderLine","Mozilla/5.0 (Windows NT 6.1) AppleWebKit/537.36 (KHTML, like Gecko)","1580103814","32"
"https://test.axibala.club:443","Found","True","443","test.axibala.club,/j.ad","/submit.php","Mozilla/5.0 (compatible; MSIE 10.0; Windows NT 6.2; WOW64; Trident/6.0; Touch; MALCJS)","0","32"
"https://test.corecloud.asia:443","Found","True","443","test.corecloud.asia,/admin,p5193nsg.corecloud.asia,/admin,thjf3943.corecloud.asia,/login","/Uri2","Mozilla/5.0 (Windows NT 6.1) AppleWebKit/587.38 (KHTML, like Gecko) Chrome/41.0.2228.0 Safari/537.36","1359593325","32"
"https://test2.floridasattorneys.com:443","Found","True","443","test2.floridasattorneys.com,/blog","/form","Mozilla/4.0 (compatible; MSIE 7.0; Windows NT 10.0; WOW64; Trident/7.0; .NET4.0C; .NET4.0E; .NET CLR 2.0.50727; .NET CLR 3.0.30729; .NET CLR 3.0.30729)","644730405","32"
"https://thjf3943.corecloud.asia:443","Found","True","443","test.corecloud.asia,/admin,p5193nsg.corecloud.asia,/admin,thjf3943.corecloud.asia,/login","/Uri2","Mozilla/5.0 (Windows NT 6.1) AppleWebKit/587.38 (KHTML, like Gecko) Chrome/41.0.2228.0 Safari/537.36","1359593325","32"
"https://update.miscrosofts.org:443","Found","True","443","update.miscrosofts.org,/es.html","/dz","Mozilla/5.0 (Linux; Android 8.0.0; SM-G960F Build/R16NW) AppleWebKit/537.36 (KHTML, like Gecko) Chrome/62.0.3202","1359593325","32"
"https://update.software-update.tk:443","Found","True","443","update.software-update.tk,/upload/google-3","/upload/google-4","Mozilla/5.0 (compatible; MSIE 9.0; Windows NT 6.0; WOW64; Trident/5.0; msn OptimizedIE8;ENUS)","305419896","32"
"https://update.xiaopigfly.com:443","Found","True","443","update.xiaopigfly.com,/_/scs/mail-static/_/js/","/mail/u/0/","Mozilla/5.0 (compatible; MSIE 10.0; Windows NT 6.2; WOW64; Trident/6.0; MALNJS)","1359593325","32"
"https://update04.microsoft-essentials.com:443","Found","True","443","update04.microsoft-essentials.com,/u/vercheck,161.35.189.140,/u/vercheck","/u/version_status","Microsoft Windows Update Agent","1325707505","32"
"https://us.netsuite-labs.com:443","Found","True","443","support.cloudways.com,/ocsp/a/","/ocsp/b/","Microsoft-CryptoAPI/6.1","1775352486","32"
"https://uwprivatebank.nl:443","Found","True","443","rijkzijn.nl,/vlk/grants,uwprivatebank.nl,/vlk/grants,systest.nl,/vlk/grants","/vlk/xmlrpc/v2","Mozilla/5.0 (Windows NT 6.1; WOW64; Trident/7.0; rv:11.0) like Gecko","1807886020","32"
"https://vanguard.medicaloptionsfinance.com:443","Found","True","443","private.medicaloptionsfinance.com,/real-world-investing/","/personal-finance/","Mozilla/5.0 (Windows NT 5.1; Win64; x64) AppleWebKit/537.36 (KHTML, like Gecko) Chrome/66.0.3359.117 Safari/537.36","554663886","32"
"https://vianodata.com:443","Found","True","443","vianodata.com,/en_US/all.js","/submit.php","Mozilla/4.0 (compatible; MSIE 7.0; Windows NT 6.0)","1359593325","32"
"https://vpn.tccmetals.com:443","Found","True","443","vpn.tccmetals.com,/access/","/radio/xmlrpc/v35","Mozilla/5.0 (Windows NT 10.0; Win64; x64) AppleWebKit/537.36 (KHTML, like Gecko) Chrome/85.0.4183.48 Safari/537.36","602094943","32"
"https://w.668526.com:443","Found","True","443","w.668526.com,/default","/mobile-android","Mozilla/5.0 (Windows NT 10.0; Win64; x64) AppleWebKit/537.36 (KHTML, like Gecko) Chrome/42.0.2311.135 Safari/537.36 Edge/12.246","305419896","32"
"https://wechat-cdn.com:443","Found","True","443","wechat-cdn.com,/posting","/get","Mozilla/5.0 (Windows NT 10.0; Win64; x64) AppleWebKit/537.36 (KHTML, like Gecko) Chrome/42.0.2311.135 Safari/537.36 Edge/12.246","305419896","32"
"https://wellser.org:443","Found","True","443","wellser.org,/userid=","/update.php","Mozilla/5.0 (Windows NT 10.0; Win64; x64; rv:84.0) Gecko/20100101 Firefox/84.0","1580103814","32"
"https://yejuxo.com:443","Found","True","443","yejuxo.com,/RELEASE.html","/media","Mozilla/5.0 (Linux; Android 6.0; HTC One X10 Build/MRA58K; wv) AppleWebKit/537.36 (KHTML, like Gecko) Version/4.0","1580103814","32"
"https://yuri.teaches-yoga.com:443","Found","True","443","yuri.teaches-yoga.com,/safebrowsing/rd/uKV3wRQjQhWd9VvoDH0f0qKETZFs3qOJ9-KJKFvF17yc5","/safebrowsing/rd/eZhZYHFgkJ8tPOtztZFLZIgRpCQyXwEKD","Mozilla/5.0 (Windows NT 6.1; rv:31.0) Gecko/20100101 Firefox/31.0","0","32"
